id,url,error
7454255421935586602,https://tiktok.com/@/video/7454255421935586602,exit_code=1
7413593781926186283,https://tiktok.com/@/video/7413593781926186283,exit_code=1
7506980734700178710,https://tiktok.com/@/video/7506980734700178710,exit_code=1
7472696699220151583,https://tiktok.com/@/video/7472696699220151583,exit_code=1
7499763093593951530,https://tiktok.com/@/video/7499763093593951530,exit_code=1
7249698482720738565,https://tiktok.com/@/video/7249698482720738565,exit_code=1
7335295639623912747,https://tiktok.com/@/video/7335295639623912747,exit_code=1
7282971738252512554,https://tiktok.com/@/video/7282971738252512554,exit_code=1
7418859455179181355,https://tiktok.com/@/video/7418859455179181355,exit_code=1
7318423912365264174,https://tiktok.com/@/video/7318423912365264174,exit_code=1
7345869538811972907,https://tiktok.com/@/video/7345869538811972907,exit_code=1
7229011984908406059,https://tiktok.com/@/video/7229011984908406059,exit_code=1
7458848503557590315,https://tiktok.com/@/video/7458848503557590315,exit_code=1
7324204619226303745,https://tiktok.com/@/video/7324204619226303745,exit_code=1
7510667681217907998,https://tiktok.com/@/video/7510667681217907998,exit_code=1
7414180489197620512,https://tiktok.com/@/video/7414180489197620512,exit_code=1
7383808915303173407,https://tiktok.com/@/video/7383808915303173407,exit_code=1
7452417778650271007,https://tiktok.com/@/video/7452417778650271007,exit_code=1
7443100767818501419,https://tiktok.com/@/video/7443100767818501419,exit_code=1
7279745186950040865,https://tiktok.com/@/video/7279745186950040865,exit_code=1
7478020671268818206,https://tiktok.com/@/video/7478020671268818206,exit_code=1
7410823845185211681,https://tiktok.com/@/video/7410823845185211681,exit_code=1
7458080975503904043,https://tiktok.com/@/video/7458080975503904043,exit_code=1
7317533580417191210,https://tiktok.com/@/video/7317533580417191210,exit_code=1
7215323701796080942,https://tiktok.com/@/video/7215323701796080942,exit_code=1
7464529700640017697,https://tiktok.com/@/video/7464529700640017697,exit_code=1
7488262768370486570,https://tiktok.com/@/video/7488262768370486570,exit_code=1
7487406977258245407,https://tiktok.com/@/video/7487406977258245407,exit_code=1
7455295773450816810,https://tiktok.com/@/video/7455295773450816810,exit_code=1
7353379051991518506,https://tiktok.com/@/video/7353379051991518506,exit_code=1
7470191592712932654,https://tiktok.com/@/video/7470191592712932654,exit_code=1
7361616999803407648,https://tiktok.com/@/video/7361616999803407648,exit_code=1
7485713941750975790,https://tiktok.com/@/video/7485713941750975790,exit_code=1
7368550258265181483,https://tiktok.com/@/video/7368550258265181483,exit_code=1
7500626246225743150,https://tiktok.com/@/video/7500626246225743150,exit_code=1
7200530584299474218,https://tiktok.com/@/video/7200530584299474218,exit_code=1
7431935099991641377,https://tiktok.com/@/video/7431935099991641377,exit_code=1
